label,tail,tail_bbox_min_x,tail_bbox_min_y,tail_bbox_max_x,tail_bbox_max_y,ref_bbox_min_x,ref_bbox_min_y,ref_bbox_max_x,ref_bbox_max_y,scale_x,scale_y,translate_x,translate_y,header_raw_0,header_f0,header_raw_1,header_f1,header_raw_2,header_f2,header_raw_3,header_f3,header_raw_4,header_f4,header_raw_5,header_f5,header_raw_6,header_f6,header_raw_7,header_f7,header_raw_8,header_f8,header_raw_9,header_f9,header_raw_10,header_f10,header_raw_11,header_f11,header_raw_12,header_f12,header_raw_13,header_f13,header_raw_14,header_f14,header_raw_15,header_f15,header_raw_16,header_f16,header_raw_17,header_f17,header_raw_18,header_f18,header_raw_19,header_f19,header_raw_20,header_f20,header_raw_21,header_f21,header_raw_22,header_f22,header_raw_23,header_f23,header_raw_24,header_f24,header_raw_25,header_f25,header_raw_26,header_f26,header_raw_27,header_f27
VMA,"(0, 256, 0, 768)",-0.3805021643638611,-0.017058372497558594,0.3804979920387268,1.0,-0.2654999494552612,0.0,0.26549994945526134,1.0148970947414235,0.6977658209962448,0.9978749717670308,1.4556529364662119e-06,0.017022122974392775,0,0.0,512,0.015625,0,0.0,-18432,-0.5625,6684,0.2039794921875,62,0.00189208984375,0,0.0,-25600,-0.78125,-30737,-0.938018798828125,62,0.00189208984375,0,0.0,0,0.0,0,0.0,256,0.0078125,0,0.0,768,0.0234375,19798,0.60418701171875,321,0.009796142578125,-32640,-0.99609375,-29164,-0.8900146484375,190,0.00579833984375,0,0.0,2048,0.0625,-27863,-0.850311279296875,-21954,-0.66998291015625,-32767,-0.999969482421875,5439,0.165985107421875,768,0.0234375
VMB,"(0, 256, 0, 768)",-0.3805021643638611,-0.017058372497558594,0.3804979920387268,1.0,-0.2775001525878906,0.0,0.28741626429264594,1.0,0.7423341665933664,0.9832277350456603,0.004959604482128288,0.01677226495433972,0,0.0,512,0.015625,0,0.0,24576,0.75,9830,0.29998779296875,28862,0.88079833984375,25231,0.769989013671875,24639,0.751922607421875,9830,0.29998779296875,-24386,-0.74420166015625,1048,0.031982421875,63,0.001922607421875,0,0.0,256,0.0078125,0,0.0,768,0.0234375,19798,0.60418701171875,322,0.00982666015625,-128,-0.00390625,-22163,-0.676361083984375,13246,0.40423583984375,-28382,-0.86614990234375,-28484,-0.8692626953125,-22167,-0.676483154296875,-19138,-0.58404541015625,-32189,-0.982330322265625,5695,0.173797607421875,1280,0.0390625
VMC,"(0, 256, 0, 768)",-0.3805021643638611,-0.017058372497558594,0.3804979920387268,1.0,-0.3309164047241212,-0.017629363687757638,0.33088350296020513,1.0176035910271817,0.8696449036394388,1.0178697533089964,-1.463666131334973e-05,-0.00026616228181470386,0,0.0,512,0.015625,0,0.0,24576,0.75,32239,0.983856201171875,16446,0.50189208984375,10156,0.3099365234375,-28610,-0.87310791015625,-22167,-0.676483154296875,-32706,-0.99810791015625,-21474,-0.65533447265625,61,0.001861572265625,0,0.0,256,0.0078125,0,0.0,768,0.0234375,19798,0.60418701171875,323,0.009857177734375,32640,0.99609375,-26110,-0.79681396484375,190,0.00579833984375,0,0.0,32512,0.9921875,-26110,-0.79681396484375,62,0.00189208984375,-32768,-1.0,5695,0.173797607421875,768,0.0234375
VMD,"(0, 256, 0, 768)",-0.3805021643638611,-0.017058372497558594,0.3804979920387268,1.0,-0.3008002936840057,-5.551115123125783e-17,0.30079987645149237,1.0,0.7905388258780287,0.9832277350456603,1.440576249733816e-06,0.016772264954339665,0,0.0,512,0.015625,0,0.0,32256,0.984375,15938,0.48638916015625,28862,0.88079833984375,25231,0.769989013671875,32319,0.986297607421875,15938,0.48638916015625,-32578,-0.99420166015625,-5243,-0.160003662109375,61,0.001861572265625,0,0.0,256,0.0078125,0,0.0,768,0.0234375,19798,0.60418701171875,324,0.0098876953125,16000,0.48828125,-22306,-0.68072509765625,-16450,-0.50201416015625,-28376,-0.865966796875,24764,0.7557373046875,-22296,-0.680419921875,19262,0.58782958984375,-32282,-0.98516845703125,5695,0.173797607421875,768,0.0234375
VMG,"(0, 256, 0, 768)",-0.3805021643638611,-0.017058372497558594,0.3804979920387268,1.0,-0.3295011520385744,-0.01763250787906473,0.3298978805541992,1.0144433975219727,0.8664900092923703,1.0147656548626611,0.00020017189683463332,-0.00032225734068847336,0,0.0,512,0.015625,0,0.0,-32768,-1.0,23566,0.71917724609375,62,0.00189208984375,-6548,-0.1998291015625,24638,0.75189208984375,-22296,-0.680419921875,62,0.00189208984375,-6548,-0.1998291015625,62,0.00189208984375,0,0.0,256,0.0078125,0,0.0,768,0.0234375,19798,0.60418701171875,327,0.009979248046875,16512,0.50390625,25952,0.7919921875,190,0.00579833984375,0,0.0,16384,0.5,25952,0.7919921875,62,0.00189208984375,-32768,-1.0,2623,0.080047607421875,768,0.0234375
VMF,"(0, 256, 0, 768)",-0.3805021643638611,-0.017058372497558594,0.3804979920387268,1.0,-0.2239999771118164,0.0,0.2239999771118164,1.0,0.588698899013931,0.9832277350456603,1.2281216064391476e-06,0.01677226495433972,0,0.0,512,0.015625,0,0.0,-32768,-1.0,-8389,-0.256011962890625,189,0.005767822265625,0,0.0,16384,0.5,25952,0.7919921875,190,0.00579833984375,0,0.0,0,0.0,0,0.0,256,0.0078125,0,0.0,768,0.0234375,19798,0.60418701171875,326,0.00994873046875,-8064,-0.24609375,-29361,-0.896026611328125,190,0.00579833984375,0,0.0,-8192,-0.25,-29361,-0.896026611328125,62,0.00189208984375,-32768,-1.0,3135,0.095672607421875,768,0.0234375
VMH,"(0, 256, 0, 768)",-0.3805021643638611,-0.017058372497558594,0.3804979920387268,1.0,-0.2760000228881836,0.0,0.2760000228881836,1.0,0.7253612776977479,0.9832277350456603,1.5132215451796327e-06,0.01677226495433972,0,0.0,512,0.015625,0,0.0,16384,0.5,9437,0.287994384765625,190,0.00579833984375,0,0.0,-8192,-0.25,-29361,-0.896026611328125,190,0.00579833984375,0,0.0,0,0.0,0,0.0,256,0.0078125,0,0.0,768,0.0234375,19798,0.60418701171875,328,0.010009765625,128,0.00390625,27525,0.839996337890625,189,0.005767822265625,0,0.0,0,0.0,27525,0.839996337890625,61,0.001861572265625,-32768,-1.0,1087,0.033172607421875,768,0.0234375
VMI,"(0, 256, 0, 768)",-0.3805021643638611,-0.017058372497558594,0.3804979920387268,1.0,-0.057499885559082,0.0,0.057499885559082,1.0,0.1511166195573372,0.9832277350456603,3.152538349884826e-07,0.01677226495433972,0,0.0,512,0.015625,0,0.0,0,0.0,27525,0.839996337890625,61,0.001861572265625,0,0.0,0,0.0,27525,0.839996337890625,189,0.005767822265625,0,0.0,0,0.0,0,0.0,256,0.0078125,0,0.0,768,0.0234375,19798,0.60418701171875,329,0.010040283203125,16512,0.50390625,22549,0.688140869140625,1470,0.04486083984375,29964,0.9144287109375,16572,0.5057373046875,22539,0.687835693359375,26686,0.81439208984375,-32767,-0.999969482421875,3135,0.095672607421875,768,0.0234375
VMJ,"(0, 256, 0, 768)",-0.3805021643638611,-0.017058372497558594,0.3804979920387268,1.0,-0.21101856231689453,-0.014956478793817118,0.2109804153442383,1.000042915344238,0.554532051157536,0.9979755553710773,-1.791664232073109e-05,0.0020673599731606297,1289,0.039337158203125,190,0.00579833984375,21648,0.66064453125,59,0.001800537109375,11854,0.36175537109375,190,0.00579833984375,-14902,-0.45477294921875,16444,0.5018310546875,22549,0.688140869140625,190,0.00579833984375,31241,0.953399658203125,61,0.001861572265625,0,0.0,256,0.0078125,0,0.0,768,0.0234375,19798,0.60418701171875,330,0.01007080078125,-12160,-0.37109375,-28640,-0.8740234375,190,0.00579833984375,0,0.0,-12288,-0.375,-28640,-0.8740234375,62,0.00189208984375,-32768,-1.0,5439,0.165985107421875,768,0.0234375
VMK,"(0, 256, 0, 768)",-0.3805021643638611,-0.017058372497558594,0.3804979920387268,1.0,-0.2815003395080566,0.0,0.2815003395080566,1.0,0.7398167717567089,0.9832277350456603,1.543378055746114e-06,0.01677226495433972,0,0.0,512,0.015625,0,0.0,-8192,-0.25,10878,0.33197021484375,190,0.00579833984375,0,0.0,-12288,-0.375,-28640,-0.8740234375,190,0.00579833984375,0,0.0,0,0.0,0,0.0,256,0.0078125,0,0.0,768,0.0234375,19798,0.60418701171875,331,0.010101318359375,24704,0.75390625,25965,0.792388916015625,190,0.00579833984375,0,0.0,24576,0.75,25965,0.792388916015625,62,0.00189208984375,-32768,-1.0,1599,0.048797607421875,768,0.0234375
VML,"(0, 256, 0, 768)",-0.3805021643638611,-0.017058372497558594,0.3804979920387268,1.0,-0.2240500450134277,0.0,0.2240500450134277,1.0,0.5888304834852089,0.9832277350456603,1.2283961130510335e-06,0.01677226495433972,0,0.0,512,0.015625,0,0.0,24576,0.75,25965,0.792388916015625,62,0.00189208984375,0,0.0,24576,0.75,25965,0.792388916015625,190,0.00579833984375,0,0.0,0,0.0,0,0.0,256,0.0078125,0,0.0,768,0.0234375,19798,0.60418701171875,332,0.0101318359375,26496,0.80859375,-15658,-0.47784423828125,190,0.00579833984375,0,0.0,26112,0.796875,-15658,-0.47784423828125,-32706,-0.99810791015625,-32277,-0.985015869140625,5439,0.165985107421875,768,0.0234375
VMM,"(0, 256, 0, 768)",-0.3805021643638611,-0.017058372497558594,0.3804979920387268,1.0,-0.3805021643638611,0.0,0.3804979920387268,1.014999395816155,1.0,0.9979755570210317,0.0,0.017023838795123286,0,0.0,512,0.015625,0,0.0,20992,0.640625,-30737,-0.938018798828125,62,0.00189208984375,0,0.0,-24064,-0.734375,-15664,-0.47802734375,62,0.00189208984375,0,0.0,0,0.0,0,0.0,256,0.0078125,0,0.0,768,0.0234375,19798,0.60418701171875,333,0.010162353515625,-10112,-0.30859375,-29361,-0.896026611328125,190,0.00579833984375,0,0.0,-10240,-0.3125,-29361,-0.896026611328125,-32706,-0.99810791015625,-32277,-0.985015869140625,4159,0.126922607421875,768,0.0234375
VMN,"(0, 256, 0, 768)",-0.3805021643638611,-0.017058372497558594,0.3804979920387268,1.0,-0.2759997844696045,0.0,0.2759997844696045,1.0149993937343138,0.7253606511050276,0.9979755549741077,1.5132202380030435e-06,0.017023838760206092,0,0.0,512,0.015625,0,0.0,12288,0.375,9437,0.287994384765625,62,0.00189208984375,0,0.0,-10240,-0.3125,-29361,-0.896026611328125,62,0.00189208984375,0,0.0,0,0.0,0,0.0,256,0.0078125,0,0.0,768,0.0234375,19798,0.60418701171875,334,0.01019287109375,-3968,-0.12109375,-29834,-0.91046142578125,190,0.00579833984375,0,0.0,-4352,-0.1328125,-29834,-0.91046142578125,4670,0.14251708984375,-32766,-0.99993896484375,4159,0.126922607421875,768,0.0234375
VMP,"(0, 256, 0, 768)",-0.3805021643638611,-0.017058372497558594,0.3804979920387268,1.0,-0.2723917961120605,0.0,0.2723916944186487,1.0,0.715878289836389,0.9832277350456603,1.4425917849725245e-06,0.01677226495433972,5811,0.177337646484375,189,0.005767822265625,-1940,-0.0592041015625,-194,-0.00592041015625,-14790,-0.45135498046875,16573,0.505767822265625,-3146,-0.09600830078125,24382,0.74407958984375,8491,0.259124755859375,24766,0.75579833984375,-3618,-0.11041259765625,62,0.00189208984375,0,0.0,256,0.0078125,0,0.0,768,0.0234375,19798,0.60418701171875,336,0.01025390625,-21376,-0.65234375,-24733,-0.754791259765625,3262,0.09954833984375,29984,0.9150390625,-19268,-0.5880126953125,-24612,-0.7510986328125,-12226,-0.37310791015625,-32276,-0.9849853515625,10303,0.314422607421875,1280,0.0390625
VMQ,"(0, 256, 0, 768)",-0.3805021643638611,-0.017058372497558594,0.3804979920387268,1.0,-0.3113055229187012,-0.01496124267578125,0.31221006968628495,1.0150394439697266,0.8193370098009954,1.0127252422259374,0.00045398265399160254,0.002314201743789046,-24442,-0.74591064453125,-32708,-0.9981689453125,-5852,-0.1785888671875,61,0.001861572265625,10638,0.32464599609375,-16323,-0.498138427734375,298,0.00909423828125,62,0.00189208984375,31400,0.958251953125,-16323,-0.498138427734375,4466,0.13629150390625,62,0.00189208984375,0,0.0,256,0.0078125,0,0.0,768,0.0234375,19798,0.60418701171875,337,0.010284423828125,128,0.00390625,-29714,-0.90679931640625,190,0.00579833984375,0,0.0,0,0.0,-29714,-0.90679931640625,4926,0.15032958984375,-32766,-0.99993896484375,5951,0.181610107421875,768,0.0234375
VMR,"(0, 256, 0, 768)",-0.3805021643638611,-0.017058372497558594,0.3804979920387268,1.0,-0.2733001708984375,-1.1102230246251565e-16,0.2733001708984375,1.0,0.7182657417322657,0.9832277350456603,1.498419103629356e-06,0.01677226495433961,0,0.0,512,0.015625,0,0.0,-16384,-0.5,7785,0.237579345703125,62,0.00189208984375,0,0.0,0,0.0,-29714,-0.90679931640625,62,0.00189208984375,0,0.0,0,0.0,0,0.0,256,0.0078125,0,0.0,768,0.0234375,19798,0.60418701171875,338,0.01031494140625,24704,0.75390625,-31864,-0.972412109375,-32578,-0.99420166015625,-24733,-0.754791259765625,-27474,-0.83843994140625,-29211,-0.891448974609375,-18370,-0.56060791015625,-31494,-0.96112060546875,4671,0.142547607421875,768,0.0234375
VMS,"(0, 256, 0, 768)",-0.3805021643638611,-0.017058372497558594,0.3804979920387268,1.0,-0.2568998336791993,0.0005216381832314765,0.2770004272460938,1.0389013290405273,0.7015770712179021,1.0209637115590318,0.01005176038727118,0.01793761748149541,-7288,-0.222412109375,189,0.005767822265625,-16880,-0.51513671875,60,0.0018310546875,19320,0.589599609375,-32578,-0.99420166015625,-21548,-0.6575927734375,24637,0.751861572265625,-31864,-0.972412109375,-32578,-0.99420166015625,12635,0.385589599609375,62,0.00189208984375,0,0.0,256,0.0078125,0,0.0,768,0.0234375,19798,0.60418701171875,339,0.010345458984375,28800,0.87890625,-30016,-0.916015625,190,0.00579833984375,0,0.0,28672,0.875,-30016,-0.916015625,62,0.00189208984375,-32768,-1.0,2111,0.064422607421875,768,0.0234375
VMT,"(0, 256, 0, 768)",-0.3805021643638611,-0.017058372497558594,0.3804979920387268,1.0,-0.2709994316101074,0.0,0.2709994316101074,1.0,0.7122191219806846,0.9832277350456603,1.48580487185912e-06,0.01677226495433972,0,0.0,512,0.015625,0,0.0,-32768,-1.0,28049,0.855987548828125,61,0.001861572265625,0,0.0,-32768,-1.0,27000,0.823974609375,189,0.005767822265625,0,0.0,0,0.0,0,0.0,256,0.0078125,0,0.0,768,0.0234375,19798,0.60418701171875,340,0.0103759765625,128,0.00390625,-29364,-0.8961181640625,1214,0.03704833984375,30404,0.9278564453125,-16196,-0.4942626953125,-29357,-0.895904541015625,20542,0.62689208984375,-32767,-0.999969482421875,4159,0.126922607421875,768,0.0234375
VMU,"(0, 256, 0, 768)",-0.3805021643638611,-0.017058372497558594,0.3804979920387268,1.0,-0.275970458984375,-0.015061382591304628,0.2760295867919922,1.000040054321289,0.7253612776977479,0.9980758866571647,3.107712535377338e-05,0.001964167664124359,0,0.0,512,0.015625,0,0.0,-16384,-0.5,-29357,-0.895904541015625,62,0.00189208984375,10240,0.3125,56,0.001708984375,20560,0.62744140625,62,0.00189208984375,10240,0.3125,56,0.001708984375,0,0.0,256,0.0078125,0,0.0,768,0.0234375,19798,0.60418701171875,341,0.010406494140625,7808,0.23828125,-27903,-0.851531982421875,190,0.00579833984375,29880,0.911865234375,-24388,-0.7442626953125,-27988,-0.8541259765625,8254,0.25189208984375,-32766,-0.99993896484375,4159,0.126922607421875,1280,0.0390625
VMV,"(0, 256, 0, 768)",-0.3805021643638611,-0.017058372497558594,0.3804979920387268,1.0,-0.2871166827070004,-0.0149364471435547,0.2864732742309572,1.0000648498535167,0.753731720173937,0.9979774263148381,-0.0003201318311212842,0.002087423538678643,0,0.0,512,0.015625,0,0.0,-32768,-1.0,12182,0.37176513671875,8254,0.25189208984375,-32766,-0.99993896484375,-24513,-0.748077392578125,-27988,-0.8541259765625,8254,0.25189208984375,-32766,-0.99993896484375,63,0.001922607421875,0,0.0,256,0.0078125,0,0.0,768,0.0234375,19798,0.60418701171875,342,0.01043701171875,12672,0.38671875,-15660,-0.4779052734375,1982,0.06048583984375,30108,0.9188232421875,31164,0.9510498046875,-15654,-0.47772216796875,20542,0.62689208984375,-32768,-1.0,5439,0.165985107421875,768,0.0234375
VMW,"(0, 256, 0, 768)",-0.3805021643638611,-0.017058372497558594,0.3804979920387268,1.0,-0.3804759979248047,-0.014990812777289086,0.3805239200592041,1.000009536743164,0.9999996867036398,0.9979764947295486,2.604722911325741e-05,0.002033042013615375,0,0.0,512,0.015625,0,0.0,-16384,-0.5,-30734,-0.93792724609375,20542,0.62689208984375,-32768,-1.0,2111,0.064422607421875,-15660,-0.4779052734375,20542,0.62689208984375,-32768,-1.0,63,0.001922607421875,0,0.0,256,0.0078125,0,0.0,768,0.0234375,19798,0.60418701171875,343,0.010467529296875,-24448,-0.74609375,-22545,-0.688018798828125,190,0.00579833984375,0,0.0,-24576,-0.75,-22545,-0.688018798828125,62,0.00189208984375,-32768,-1.0,3135,0.095672607421875,1280,0.0390625
VMX,"(0, 256, 0, 768)",-0.3805021643638611,-0.017058372497558594,0.3804979920387268,1.0,-0.3280000686645508,-6.700369425960417e-16,0.3280000686645508,1.0000000000000004,0.8620236563815649,0.9832277350456614,1.7983214839478734e-06,0.016772264954339068,0,0.0,512,0.015625,0,0.0,-24576,-0.75,23068,0.7039794921875,62,0.00189208984375,0,0.0,-24576,-0.75,-22545,-0.688018798828125,62,0.00189208984375,0,0.0,0,0.0,0,0.0,256,0.0078125,0,0.0,768,0.0234375,19798,0.60418701171875,344,0.010498046875,13184,0.40234375,-20848,-0.63623046875,21438,0.65423583984375,30303,0.924774169921875,16828,0.5135498046875,-20743,-0.633026123046875,18494,0.56439208984375,-32768,-1.0,7487,0.228485107421875,768,0.0234375
VMY,"(0, 256, 0, 768)",-0.3805021643638611,-0.017058372497558594,0.3804979920387268,1.0,-0.3408609011787236,-0.014899896987117633,0.34173303802918875,1.000008583068848,0.8969695123778704,0.9978861661240609,0.0004379396494531562,0.002122416944787233,0,0.0,512,0.015625,0,0.0,24576,0.75,26211,0.799896240234375,18494,0.56439208984375,-32768,-1.0,63,0.001922607421875,-20960,-0.6396484375,18494,0.56439208984375,-32768,-1.0,63,0.001922607421875,0,0.0,256,0.0078125,0,0.0,768,0.0234375,19798,0.60418701171875,345,0.010528564453125,10368,0.31640625,-31464,-0.960205078125,190,0.00579833984375,0,0.0,10240,0.3125,-31464,-0.960205078125,62,0.00189208984375,-32768,-1.0,5183,0.158172607421875,768,0.0234375
VMZ,"(0, 256, 0, 768)",-0.3805021643638611,-0.017058372497558594,0.3804979920387268,1.0,-0.2599499225616455,0.0,0.2599499225616455,1.0,0.6831796823550863,0.9832277350456603,1.4252238799694616e-06,0.01677226495433972,0,0.0,512,0.015625,0,0.0,10240,0.3125,-31464,-0.960205078125,62,0.00189208984375,0,0.0,10240,0.3125,-31464,-0.960205078125,190,0.00579833984375,0,0.0,0,0.0,0,0.0,256,0.0078125,0,0.0,768,0.0234375,19798,0.60418701171875,346,0.01055908203125,20352,0.62109375,-18784,-0.5732421875,-12098,-0.36920166015625,30151,0.920135498046875,32700,0.9979248046875,-19357,-0.590728759765625,830,0.02532958984375,-32276,-0.9849853515625,10303,0.314422607421875,1280,0.0390625
VM0,"(0, 256, 0, 768)",-0.3805021643638611,-0.017058372497558594,0.3804979920387268,1.0,-0.35668659210205084,-0.014990806579589844,0.3523139953613281,1.0150094032287598,0.9316694372508119,1.0127247733864184,-0.0021843547564564525,0.0022846298423412972,-11646,-0.35540771484375,-24387,-0.744232177734375,893,0.027252197265625,62,0.00189208984375,24366,0.74359130859375,189,0.005767822265625,-9485,-0.289459228515625,61,0.001861572265625,3920,0.11962890625,16571,0.505706787109375,-13103,-0.399871826171875,61,0.001861572265625,0,0.0,256,0.0078125,0,0.0,768,0.0234375,19798,0.60418701171875,304,0.00927734375,128,0.00390625,27525,0.839996337890625,189,0.005767822265625,0,0.0,0,0.0,27525,0.839996337890625,-1987,-0.060638427734375,32767,0.999969482421875,1087,0.033172607421875,768,0.0234375
VM1,"(0, 256, 0, 768)",-0.3805021643638611,-0.017058372497558594,0.3804979920387268,1.0,-0.057499885559082,0.0,0.057499885559082,0.9999995231628418,0.1511166195573372,0.9832272662061412,3.152538349884826e-07,0.016772256956700562,0,0.0,512,0.015625,0,0.0,0,0.0,27525,0.839996337890625,61,0.001861572265625,0,0.0,0,0.0,27525,0.839996337890625,189,0.005767822265625,0,0.0,0,0.0,0,0.0,256,0.0078125,0,0.0,768,0.0234375,19798,0.60418701171875,305,0.009307861328125,19328,0.58984375,-30560,-0.9326171875,190,0.00579833984375,0,0.0,19200,0.5859375,-30560,-0.9326171875,-29634,-0.90435791015625,-32277,-0.985015869140625,5951,0.181610107421875,768,0.0234375
VM2,"(30795, -32705, -23451, -25539)",-0.2657279968261719,-0.014389991760253906,0.26557159423828125,0.9699091911315918,-0.2668479382991791,0.0,0.2666155870978163,1.0148679027166074,1.0040729079580257,1.0310563295754769,-3.765580006365177e-05,0.014836892086948748,3341,0.101959228515625,-24386,-0.74420166015625,19398,0.59197998046875,-31170,-0.95123291015625,5989,0.182769775390625,-16194,-0.49420166015625,8519,0.259979248046875,9790,0.29876708984375,7064,0.215576171875,16574,0.50579833984375,-5243,-0.160003662109375,61,0.001861572265625,0,0.0,256,0.0078125,0,0.0,768,0.0234375,19798,0.60418701171875,306,0.00933837890625,-32640,-0.99609375,-30707,-0.937103271484375,-23618,-0.72076416015625,30039,0.916717529296875,29116,0.8885498046875,-30698,-0.93682861328125,8510,0.25970458984375,-32278,-0.98504638671875,10303,0.314422607421875,768,0.0234375
VM3,"(0, 256, 0, 768)",-0.3805021643638611,-0.017058372497558594,0.3804979920387268,1.0,-0.2657279968261721,-0.0148257491752955,0.2656832479150401,1.014878073188116,0.6983063541712107,1.012433357030236,-2.091767498951791e-05,0.002444716157879997,0,0.0,512,0.015625,0,0.0,-8192,-0.25,8762,0.26739501953125,14526,0.44329833984375,29721,0.907012939453125,16447,0.501922607421875,26405,0.805816650390625,-10050,-0.30670166015625,26011,0.793792724609375,63,0.001922607421875,0,0.0,256,0.0078125,0,0.0,768,0.0234375,19798,0.60418701171875,307,0.009368896484375,7808,0.23828125,-21889,-0.667999267578125,190,0.00579833984375,0,0.0,7680,0.234375,-21889,-0.667999267578125,-1986,-0.06060791015625,32767,0.999969482421875,7231,0.220672607421875,768,0.0234375
VM4,"(0, 256, 0, 768)",-0.3805021643638611,-0.017058372497558594,0.3804979920387268,1.0,-0.3329992890357971,0.0,0.3330010771751404,0.9999995231628419,0.8751645589131875,0.9832272662061413,2.719805214546067e-06,0.016772256956700562,0,0.0,512,0.015625,0,0.0,-17408,-0.53125,26476,0.8079833984375,-1986,-0.06060791015625,32767,0.999969482421875,14655,0.447235107421875,-7340,-0.2239990234375,-1987,-0.060638427734375,32767,0.999969482421875,63,0.001922607421875,0,0.0,256,0.0078125,0,0.0,768,0.0234375,19798,0.60418701171875,308,0.0093994140625,20608,0.62890625,-27429,-0.837066650390625,12990,0.39642333984375,30324,0.9254150390625,-12868,-0.3927001953125,-27421,-0.836822509765625,11326,0.34564208984375,-32768,-1.0,6463,0.197235107421875,768,0.0234375
VM5,"(0, 256, 0, 768)",-0.3805021643638611,-0.017058372497558594,0.3804979920387268,1.0,-0.2907357215881348,-0.014987538593860261,0.29046440124511724,1.00000524520874,0.7637319361151127,0.9979690559059202,-0.0001340669025323704,0.0020361893028198047,11858,0.36187744140625,190,0.00579833984375,9072,0.27685546875,8379,0.255706787109375,28347,0.865081787109375,190,0.00579833984375,-21694,-0.66204833984375,20540,0.6268310546875,-27429,-0.837066650390625,-32578,-0.99420166015625,25329,0.772979736328125,61,0.001861572265625,0,0.0,256,0.0078125,0,0.0,768,0.0234375,19798,0.60418701171875,309,0.009429931640625,384,0.01171875,-17185,-0.524444580078125,-21570,-0.65826416015625,31599,0.964324951171875,-5448,-0.166259765625,-22962,-0.70074462890625,3134,0.09564208984375,-31785,-0.970001220703125,12351,0.376922607421875,1280,0.0390625
VM6,"(0, 256, 0, 768)",-0.3805021643638611,-0.017058372497558594,0.3804979920387268,1.0,-0.3686877429799892,-5.551115123125783e-17,0.3247995376586914,1.0298281233249609,0.9112840185433664,1.0125555731831242,-0.021942201574041365,0.017272550141836627,0,0.0,512,0.015625,0,0.0,0,0.0,-25952,-0.7919921875,22717,0.693267822265625,8054,0.24578857421875,16447,0.501922607421875,-13212,-0.4031982421875,4285,0.130767822265625,-1088,-0.033203125,62,0.00189208984375,0,0.0,256,0.0078125,0,0.0,768,0.0234375,19798,0.60418701171875,310,0.00946044921875,27264,0.83203125,28598,0.87274169921875,190,0.00579833984375,0,0.0,27392,0.8359375,28598,0.87274169921875,-1986,-0.06060791015625,32767,0.999969482421875,5951,0.181610107421875,1280,0.0390625
VM7,"(0, 256, 0, 768)",-0.3805021643638611,-0.017058372497558594,0.3804979920387268,1.0,-0.2340942919254303,-5.811323644522304e-16,0.23409392059497303,0.9999995231628418,0.6152274852788863,0.9832272662061418,1.0977993214200676e-06,0.01677225695669999,0,0.0,512,0.015625,0,0.0,-22272,-0.6796875,20912,0.63818359375,189,0.005767822265625,0,0.0,-5632,-0.171875,10798,0.32952880859375,190,0.00579833984375,0,0.0,0,0.0,0,0.0,256,0.0078125,0,0.0,768,0.0234375,19798,0.60418701171875,311,0.009490966796875,10112,0.30859375,-22344,-0.681884765625,190,0.00579833984375,30106,0.91876220703125,-23364,-0.7130126953125,-22340,-0.6817626953125,-10178,-0.31060791015625,-32277,-0.985015869140625,8255,0.251922607421875,1280,0.0390625
VM8,"(0, 256, 0, 768)",-0.3805021643638611,-0.017058372497558594,0.3804979920387268,1.0,-0.32918262481689453,-0.014990329742431696,0.32921695709228516,1.015009880065918,0.8651766709504722,1.0127247733864184,1.8971036880199854e-05,0.002285106679499445,16807,0.512908935546875,24638,0.75189208984375,-12569,-0.383575439453125,-16322,-0.49810791015625,9467,0.288909912109375,-4034,-0.12310791015625,-7497,-0.228790283203125,62,0.00189208984375,-30720,-0.9375,24631,0.751678466796875,767,0.023406982421875,63,0.001922607421875,0,0.0,256,0.0078125,0,0.0,768,0.0234375,19798,0.60418701171875,312,0.009521484375,-15744,-0.48046875,-20078,-0.61273193359375,1726,0.05267333984375,30294,0.92449951171875,-22596,-0.6895751953125,-20079,-0.612762451171875,-17602,-0.53717041015625,-32277,-0.985015869140625,12351,0.376922607421875,768,0.0234375
VM9,"(0, 256, 0, 1792)",-0.1581125259399414,-0.09209060668945312,0.1581125259399414,0.9925088882446289,-0.3468017578125,-0.014871230599526553,0.34663063981451775,1.0149650573730469,2.1928446007194147,0.9495083602589756,-8.555899899109765e-05,0.07256957035343033,4168,0.127197265625,190,0.00579833984375,9744,0.29736328125,16572,0.5057373046875,15152,0.46240234375,190,0.00579833984375,11520,0.3515625,16441,0.501739501953125,21889,0.667999267578125,190,0.00579833984375,7348,0.2242431640625,60,0.0018310546875,0,0.0,256,0.0078125,0,0.0,768,0.0234375,19798,0.60418701171875,313,0.009552001953125,-4736,-0.14453125,-27794,-0.84820556640625,189,0.005767822265625,-17254,-0.52655029296875,-32579,-0.994232177734375,26240,0.80078125,22333,0.681549072265625,-6545,-0.199737548828125,2109,0.064361572265625,1280,0.0390625
VMCOMMA,"(0, 256, 0, 1536)",-0.07094764709472656,-0.09209060668945312,0.05515289306640625,0.6181087493896484,-0.07198485842094976,-0.09209060668945315,0.05627489089965827,0.11236677386421373,1.0171229176077767,0.2878873077025073,0.00017761938944542421,-0.06557888986493599,23864,0.728271484375,59,0.001800537109375,23950,0.73089599609375,189,0.005767822265625,-891,-0.027191162109375,188,0.0057373046875,-24751,-0.755340576171875,-32579,-0.994232177734375,-28928,-0.8828125,189,0.005767822265625,-17254,-0.52655029296875,189,0.005767822265625,0,0.0,256,0.0078125,0,0.0,1792,0.0546875,19798,0.60418701171875,20291,0.619232177734375,19789,0.603912353515625,321,0.009796142578125,30336,0.92578125,-27205,-0.830230712890625,189,0.005767822265625,-17254,-0.52655029296875,12477,0.380767822265625,25127,0.766815185546875,-17347,-0.529388427734375,7740,0.2362060546875
VMSEMI,"(0, 0, 1, 0)",-0.376800537109375,-0.008899688720703125,0.3996009826660156,0.9999995231628418,-0.07310740158388253,-0.09209060668945315,0.055212776733982706,0.6180408543743958,0.165275537269669,0.7038675942050572,-0.010831490369630721,-0.08582640420043797,5040,0.15380859375,59,0.001800537109375,23950,0.73089599609375,189,0.005767822265625,731,0.022308349609375,189,0.005767822265625,-24751,-0.755340576171875,189,0.005767822265625,-28339,-0.864837646484375,189,0.005767822265625,-17254,-0.52655029296875,189,0.005767822265625,0,0.0,256,0.0078125,0,0.0,1536,0.046875,19798,0.60418701171875,17747,0.541595458984375,18765,0.572662353515625,-32767,-0.999969482421875,10301,0.314361572265625,-17094,-0.52166748046875,20913,0.638214111328125,-17905,-0.546417236328125,-29800,-0.909423828125,15753,0.480743408203125,-6644,-0.2027587890625,16159,0.493133544921875
VMCOLN,"(0, 0, 1, 0)",-0.376800537109375,-0.008899688720703125,0.3996009826660156,0.9999995231628418,-0.04530000686645509,-0.0004806270563694759,0.06716040856992031,0.6245306080975402,0.14484826803135276,0.6194981895040408,0.009278898327121338,0.005032713993255643,12530,0.38238525390625,-32708,-0.9981689453125,818,0.02496337890625,63,0.001922607421875,0,0.0,24576,0.75,845,0.025787353515625,63,0.001922607421875,-16672,-0.5087890625,28860,0.8807373046875,1533,0.046783447265625,63,0.001922607421875,0,0.0,256,0.0078125,0,0.0,1536,0.046875,19798,0.60418701171875,20291,0.619232177734375,20044,0.6116943359375,-32767,-0.999969482421875,18156,0.5540771484375,-17131,-0.522796630859375,2464,0.0751953125,16218,0.49493408203125,3072,0.09375,15804,0.4822998046875,13669,0.417144775390625,16263,0.496307373046875
VMAPOST,"(0, 256, 0, 1792)",-0.1581125259399414,-0.09209060668945312,0.1581125259399414,0.9925088882446289,-0.03644053146669503,0.8517093658447263,0.0918197631835938,1.0561666813412198,0.40559814564915664,0.18850950645972747,0.027689615858449382,0.869069320661332,8043,0.245452880859375,61,0.001861572265625,25540,0.7794189453125,63,0.001922607421875,-25944,-0.791748046875,-16325,-0.498199462890625,23986,0.73199462890625,63,0.001922607421875,3178,0.09698486328125,-24387,-0.744232177734375,23049,0.703399658203125,63,0.001922607421875,0,0.0,256,0.0078125,0,0.0,1792,0.0546875,19798,0.60418701171875,20545,0.626983642578125,21327,0.650848388671875,340,0.0103759765625,31616,0.96484375,9247,0.282196044921875,-28482,-0.86920166015625,22551,0.688201904296875,-16321,-0.498077392578125,2801,0.085479736328125,23870,0.72845458984375,-31172,-0.9512939453125
VMQUOTE,"(0, 256, 0, 1792)",-0.1581125259399414,-0.09209060668945312,0.1581125259399414,0.9925088882446289,-0.1602722804290974,0.8441095352172852,0.135687828063965,1.0485668507137784,0.9359160722202428,0.18850950645972725,-0.012292226182566202,0.8614694900338908,-22131,-0.675384521484375,-4035,-0.123138427734375,25041,0.764190673828125,63,0.001922607421875,18180,0.5548095703125,-20419,-0.623138427734375,23488,0.716796875,63,0.001922607421875,7444,0.2271728515625,-28612,-0.8731689453125,22551,0.688201904296875,63,0.001922607421875,0,0.0,256,0.0078125,0,0.0,1792,0.0546875,19798,0.60418701171875,21841,0.666534423828125,21583,0.658660888671875,325,0.009918212890625,-16256,-0.49609375,2801,0.085479736328125,-28482,-0.86920166015625,22551,0.688201904296875,31551,0.962860107421875,9247,0.282196044921875,23870,0.72845458984375,-31172,-0.9512939453125
VMQUOT2,"(0, 0, 1, 0)",-0.376800537109375,-0.008899688720703125,0.3996009826660156,0.9999995231628418,-0.135687828063965,0.8441095352172852,0.1602722804290974,1.0485668507137784,0.38119465373880557,0.20265385589387627,0.007946522208039153,0.8459130914527909,-22131,-0.675384521484375,-3907,-0.119232177734375,25041,0.764190673828125,63,0.001922607421875,18180,0.5548095703125,-20291,-0.619232177734375,23488,0.716796875,63,0.001922607421875,7444,0.2271728515625,-28484,-0.8692626953125,22551,0.688201904296875,63,0.001922607421875,0,0.0,256,0.0078125,0,0.0,1792,0.0546875,19798,0.60418701171875,21841,0.666534423828125,21583,0.658660888671875,306,0.00933837890625,31616,0.96484375,-16103,-0.491424560546875,190,0.00579833984375,24272,0.74072265625,-32581,-0.994293212890625,-13160,-0.401611328125,-24514,-0.74810791015625,-31897,-0.973419189453125
VM&,"(0, 256, 0, 768)",-0.3805021643638611,-0.017058372497558594,0.3804979920387268,1.0,-0.37680053710937506,-0.0033998489379882812,0.3996009826660156,1.0265998840332031,1.020238318275266,1.0127243045468994,0.011402351161309388,0.013875579486303701,-21365,-0.652008056640625,-16194,-0.49420166015625,-3684,-0.1124267578125,-8130,-0.24810791015625,-27028,-0.8248291015625,190,0.00579833984375,2084,0.0635986328125,-32705,-0.998077392578125,29648,0.90478515625,-24386,-0.74420166015625,5275,0.160980224609375,63,0.001922607421875,0,0.0,256,0.0078125,0,0.0,768,0.0234375,19798,0.60418701171875,294,0.00897216796875,-16256,-0.49609375,-16385,-0.500030517578125,-24386,-0.74420166015625,-7536,-0.22998046875,16446,0.50189208984375,-16384,-0.5,-4034,-0.12310791015625,3768,0.114990234375,1087,0.033172607421875,768,0.0234375
VM-,"(0, 256, 0, 1792)",-0.1581125259399414,-0.09209060668945312,0.1581125259399414,0.9925088882446289,-0.3749980926513672,0.442509651184082,0.3750019073486328,0.5575094223022461,2.3717286013281624,0.10602971111023188,1.907348632868011e-06,0.45227399160733067,0,0.0,512,0.015625,0,0.0,16384,0.5,-16384,-0.5,-24514,-0.74810791015625,-7536,-0.22998046875,-16322,-0.49810791015625,-16385,-0.500030517578125,-24386,-0.74420166015625,-7536,-0.22998046875,62,0.00189208984375,0,0.0,256,0.0078125,0,0.0,768,0.0234375,19798,0.60418701171875,301,0.009185791015625,24448,0.74609375,26269,0.801666259765625,-323,-0.009857177734375,23395,0.713958740234375,24494,0.74749755859375,26269,0.801666259765625,-3267,-0.099700927734375,-6426,-0.19610595703125,1597,0.048736572265625,1280,0.0390625
VMPERID,"(0, 256, 0, 768)",-0.3805021643638611,-0.017058372497558594,0.3804979920387268,1.0,-0.05615852400660522,8.787232920974553e-05,0.05630204862015506,0.11267177623798462,0.1477799599390172,0.11069561684282297,7.207059979551927e-05,0.0019761593951616407,23610,0.72052001953125,-21956,-0.6700439453125,-10459,-0.319183349609375,-4806,-0.14666748046875,12775,0.389862060546875,-21828,-0.6661376953125,-30587,-0.933441162109375,-1222,-0.03729248046875,3154,0.09625244140625,-19011,-0.580169677734375,15640,0.477294921875,60,0.0018310546875,0,0.0,256,0.0078125,0,0.0,1792,0.0546875,19798,0.60418701171875,17744,0.54150390625,18770,0.57281494140625,324,0.0098876953125,128,0.00390625,-32768,-1.0,190,0.00579833984375,0,0.0,0,0.0,-32768,-1.0,62,0.00189208984375,-32768,-1.0
VME,"(-21504, -7304, 189, 5824)",-0.1721700131893158,-0.015000343322753906,0.0003301168908365071,0.048000335693359375,-0.25,0.0,0.25,1.0,2.898548538877476,15.872844794962232,0.24904314016840706,0.23809812143322082,0,0.0,512,0.015625,0,0.0,0,0.0,-32768,-1.0,62,0.00189208984375,0,0.0,0,0.0,-32768,-1.0,190,0.00579833984375,0,0.0,0,0.0,0,0.0,256,0.0078125,0,0.0,768,0.0234375,19798,0.60418701171875,325,0.009918212890625,-18560,-0.56640625,-30518,-0.93133544921875,16574,0.50579833984375,30148,0.9200439453125,-3652,-0.1114501953125,-30458,-0.92950439453125,-30402,-0.92779541015625,-32277,-0.985015869140625,7231,0.220672607421875,1280,0.0390625
VM0,"(0, 0, 1, 0)",-0.376800537109375,-0.008899688720703125,0.3996009826660156,0.9999995231628418,-0.35668659210205084,-0.014990806579589844,0.3523139953613281,1.0150094032287598,0.9131880469122337,1.0209148720469416,-0.012596845543660085,-0.005904982008035603,-16925,-0.516510009765625,-16384,-0.5,15382,0.46942138671875,0,0.0,0,0.0,1,3.0517578125e-05,0,0.0,-32763,-0.999847412109375,0,0.0,0,0.0,3,9.1552734375e-05,0,0.0,30892,0.9427490234375,-16925,-0.516510009765625,-16384,-0.5,15382,0.46942138671875,19798,0.60418701171875,-16848,-0.51416015625,-25600,-0.78125,15684,0.4786376953125,23030,0.70281982421875,-16799,-0.512664794921875,-23296,-0.7109375,15822,0.48284912109375,0,0.0,0,0.0,1,3.0517578125e-05,0,0.0
VM0,"(0, 0, 1, 0)",-0.376800537109375,-0.008899688720703125,0.3996009826660156,0.9999995231628418,-0.35668659210205084,-0.014990806579589844,0.3523139953613281,1.0150094032287598,0.9131880469122337,1.0209148720469416,-0.012596845543660085,-0.005904982008035603,-16799,-0.512664794921875,11136,0.33984375,16230,0.49530029296875,0,0.0,0,0.0,1,3.0517578125e-05,0,0.0,-32763,-0.999847412109375,0,0.0,0,0.0,3,9.1552734375e-05,0,0.0,23030,0.70281982421875,-16799,-0.512664794921875,11136,0.33984375,16230,0.49530029296875,19798,0.60418701171875,-16848,-0.51416015625,-18864,-0.57568359375,16243,0.495697021484375,30892,0.9427490234375,-16925,-0.516510009765625,-23280,-0.71044921875,16253,0.496002197265625,0,0.0,0,0.0,1,3.0517578125e-05,0,0.0
VMO,"(0, 0, 22019, 16461)",0.0,0.39688608050346375,0.156600683927536,0.5,-0.2671698033809662,-0.015000343322753962,0.2676297724246979,1.015000343322754,3.4150526191388306,9.98895873296822,-0.2671698033809662,-3.979479023161356,-32470,-0.99090576171875,-32579,-0.994232177734375,-5925,-0.180816650390625,-9923,-0.302825927734375,1069,0.032623291015625,189,0.005767822265625,-11324,-0.3455810546875,-30147,-0.920013427734375,-21229,-0.647857666015625,-32711,-0.998260498046875,-13107,-0.399993896484375,61,0.001861572265625,0,0.0,256,0.0078125,0,0.0,768,0.0234375,19798,0.60418701171875,335,0.010223388671875,128,0.00390625,0,0.0,0,0.0,0,0.0,0,0.0,0,0.0,0,0.0,0,0.0,256,0.0078125,-256,-0.0078125
